,INPC,Subyacente,Mercancìas,Servicios,No subyacente,Agropecuarios,Energéticos
1Q Ene 2000,0.747003009,0.747592277,0.711889561,0.790362058,0.745115754,0.477436587,0.981921595
2Q Ene 2000,0.542245106,0.688547441,0.593808744,0.80195054,0.121000302,-1.170325712,1.257681446
1Q Feb 2000,0.488989621,0.561754097,0.573184995,0.548099459,0.27867681,-0.310583541,0.784931852
2Q Feb 2000,0.250754485,0.383536417,0.402138268,0.361310264,-0.134584576,-0.540883262,0.210687142
1Q Mar 2000,0.318113758,0.310911735,0.36529584,0.245905233,0.33861614,-0.342704934,0.913258939
2Q Mar 2000,0.220964824,0.286283292,0.298668949,0.271460815,0.028792312,-0.01228612,0.063007652
1Q Abr 2000,0.340309858,0.296449903,0.256954923,0.343728161,0.470565084,0.48736815,0.456579886
2Q Abr 2000,0.234461516,0.170490162,0.146187669,0.199556791,0.421157817,0.865813349,0.050957421
1Q May 2000,0.158236182,0.265520184,0.310076114,0.212258121,-0.154247931,0.777061368,-0.935929487
2Q May 2000,0.196076484,0.17243693,0.153493914,0.195103474,0.265054547,0.549319057,0.022335371
1Q Jun 2000,0.376741441,0.185045001,0.130475952,0.250313281,0.936762612,1.300552383,0.624504252
2Q Jun 2000,0.233454415,0.128322209,0.029991422,0.245791905,0.538764852,1.081415644,0.069852048
1Q Jul 2000,0.206893825,0.164280538,0.103947232,0.236201838,0.330204671,-0.097741981,0.703737984
2Q Jul 2000,0.131977868,0.20732488,0.202795708,0.212716829,-0.086299138,-0.309960071,0.107369613
1Q Ago 2000,0.25990418,0.222286923,0.221027339,0.223786301,0.369002378,-0.499562937,1.117960651
2Q Ago 2000,0.445801168,0.183264207,0.14129712,0.233219427,1.204386805,2.449791367,0.147661082
1Q Sep 2000,0.449646664,0.561569048,0.171756285,1.025154332,0.129196627,-0.983459105,1.094987072
2Q Sep 2000,0.114121547,0.231763619,0.206102805,0.262022983,-0.223276149,-0.579253578,0.079361314
1Q Oct 2000,0.440113239,0.289798375,0.119571172,0.490419205,0.873847323,0.297640268,1.360491229
2Q Oct 2000,0.380529046,0.232981346,0.257858537,0.203770595,0.802593178,1.559856744,0.169741715
1Q Nov 2000,0.541423085,0.375967714,0.325549244,0.435200943,1.013360852,-0.859767217,2.600473396
2Q Nov 2000,0.243847079,0.28445907,0.314181535,0.249578293,0.128940209,0.239250659,0.03862571
1Q Dic 2000,0.719562726,0.333035221,0.236343738,0.446580566,1.816464454,3.042663501,0.810524888
2Q Dic 2000,0.476479134,0.174684859,0.126556243,0.231084268,1.319731459,2.514217934,0.318110616
1Q Ene 2001,0.283347192,0.466864442,0.518225368,0.406740025,-0.223522052,-1.301497197,0.700187899
2Q Ene 2001,0.065020797,0.37544649,0.37291661,0.378411322,-0.798702317,-2.31243803,0.472624525
1Q Feb 2001,-0.131139453,0.415174553,0.438525501,0.387810481,-1.670559376,-4.639739429,0.754013361
2Q Feb 2001,0.065064939,0.299889564,0.261121479,0.345343332,-0.610065343,-1.563326357,0.12667693
1Q Mar 2001,0.339294854,0.323534334,0.223697947,0.440489588,0.385697774,0.189756106,0.534578228
2Q Mar 2001,0.521066373,0.248599852,0.251321412,0.245418511,1.310828203,4.072737835,-0.780528961
1Q Abr 2001,0.148858247,0.265233899,0.238857276,0.296068422,-0.185098365,-0.332535318,-0.067996136
2Q Abr 2001,0.189891772,0.183309635,0.186122225,0.180023566,0.20899471,0.781432227,-0.244461882
1Q May 2001,0.023655378,0.187525263,0.145613292,0.23649579,-0.448544375,-0.009627147,-0.799808476
2Q May 2001,0.221895889,0.162348256,0.123855376,0.207283092,0.394818257,1.404482718,-0.419649484
1Q Jun 2001,0.106915041,0.169669135,0.19219472,0.143395685,-0.07547556,-0.526688794,0.295172858
2Q Jun 2001,0.03724915,0.139765201,0.078653942,0.211079042,-0.259353208,-0.723142724,0.11850407
1Q Jul 2001,-0.357809408,0.078761119,-0.012751454,0.185410682,-1.630012851,-1.167992059,-2.003264774
2Q Jul 2001,0.159694997,0.011159974,-0.21365687,0.272645284,0.599752877,1.300273832,0.029000568
1Q Ago 2001,0.345114131,0.309713298,0.398466163,0.206985148,0.45007995,1.938682353,-0.778179038
2Q Ago 2001,0.332597757,0.036135366,-0.226187353,0.340344377,1.20423376,2.705279893,-0.068205609
1Q Sep 2001,0.673993863,0.632273303,0.179851667,1.153972916,0.795990791,0.369011404,1.16798746
2Q Sep 2001,0.178297838,0.21142662,0.309381845,0.099559567,0.081816717,0.314250537,-0.119087011
1Q Oct 2001,0.249173739,0.089339652,0.01258248,0.177181799,0.713534099,0.416662916,0.97124741
2Q Oct 2001,0.226218465,0.113811849,0.05249002,0.183874232,0.550679918,1.171463417,0.014738853
1Q Nov 2001,0.277706406,0.120599297,0.119690466,0.121636308,0.729998354,-0.905216256,2.158055727
2Q Nov 2001,-0.028777104,0.122682555,0.064058888,0.189573054,-0.461978634,-1.004114255,-0.002720332
1Q Dic 2001,0.155038442,0.145077307,0.110925629,0.183996074,0.183769182,0.640998759,-0.199684003
2Q Dic 2001,-0.00426783,0.065951555,-0.102571361,0.257857807,-0.205875549,-0.720535606,0.229377196
1Q Ene 2002,0.728209103,0.316931017,0.187809755,0.46343985,1.913003934,2.43725111,1.473845177
2Q Ene 2002,0.391842645,0.296600379,0.134141964,0.480429835,0.662627823,1.316961367,0.109292454
1Q Feb 2002,-0.2608657,0.429872863,0.373006034,0.493998634,-2.213596373,-6.657700692,1.589884664
2Q Feb 2002,0.002821105,0.256256179,0.196808508,0.323211522,-0.732900954,-3.203510006,1.209903391
1Q Mar 2002,0.289471816,0.201847304,0.153919888,0.255759479,0.545732122,0.256115764,0.763545587
2Q Mar 2002,0.440268953,0.153600936,0.024847382,0.298284999,1.278080271,2.944519771,0.031102757
1Q Abr 2002,0.450873831,0.235874842,0.203791676,0.271829327,1.071638803,1.537423235,0.712946369
2Q Abr 2002,-0.248928589,0.087309843,-0.013047057,0.19970001,-1.211904718,-2.893912345,0.093983621
1Q May 2002,0.27337741,0.093407032,0.04515796,0.14732667,0.795841539,2.287262952,-0.327513247
2Q May 2002,0.108161097,0.095586071,0.046510472,0.150373424,0.145277115,0.316887321,0.012627515
1Q Jun 2002,0.350307215,0.064051528,-0.029440624,0.168316692,1.174389311,1.913527234,0.601319505
2Q Jun 2002,0.165662988,0.029177519,-0.1084588,0.182370502,0.554822231,1.260334769,0.000688058
1Q Jul 2002,0.13,0.075681301,-0.033857749,0.17285422,0.33103722,1.161647244,-0.184088853
2Q Jul 2002,0.148806551,0.088200637,0.006382645,0.16063222,0.376056379,0.87632132,0.06162016
1Q Ago 2002,0.247310005,0.222832873,0.187173666,0.25435253,0.339624448,0.194486702,0.431591998
2Q Ago 2002,0.116386642,0.139431689,-0.027543536,0.286924464,0.030169382,0.013382487,0.040781393
1Q Sep 2002,0.4938198,0.526502791,0.043907587,0.951452722,0.375118728,-0.542310448,0.954922771
2Q Sep 2002,0.095905716,0.123233562,0.087785485,0.15416681,-0.007975119,-0.227496211,0.128701992
1Q Oct 2002,0.338805587,0.11459519,0.198724148,0.04122994,1.173671962,0.061743599,1.863512423
2Q Oct 2002,0.109272403,0.11370473,0.115936147,0.111755743,0.096086578,0.265703812,-0.00728265
1Q Nov 2002,0.609684144,0.080176305,0.035827684,0.118913335,2.567706591,1.120593054,3.452023489
2Q Nov 2002,0.284424114,0.111297885,0.098984477,0.122044308,0.908926247,2.494726776,-0.038301679
1Q Dic 2002,0.226114246,0.091105721,0.074908155,0.105238755,0.708411995,2.058438411,-0.118417758
2Q Dic 2002,0.134195556,0.122487883,-0.033111874,0.258213839,0.174958628,0.411699021,0.02680588
1Q Ene 2003,0.316587843,0.248908243,0.186743244,0.302975725,0.55671229,-0.72144634,1.359665066
2Q Ene 2003,0.04065867,0.268527529,0.20128712,0.326941536,-0.766622809,-2.259842109,0.152173239
1Q Feb 2003,0.149021202,0.258636553,0.258163771,0.25904676,-0.243278187,-0.952533777,0.182625081
2Q Feb 2003,0.216435577,0.205521395,0.153720137,0.250466133,0.25396213,0.225781024,0.270692962
1Q Mar 2003,0.394334693,0.210067061,0.236008965,0.187580601,1.060080086,2.207412769,0.379226184
2Q Mar 2003,0.255454825,0.186165908,0.12882828,0.235890226,0.50161349,1.163694347,0.101563605
1Q Abr 2003,0.011494914,0.190654791,0.092932701,0.275310791,-0.627338882,-1.291004724,-0.222076395
2Q Abr 2003,0.063214758,0.109458185,0.025956253,0.18166379,-0.099083776,-0.3211894,0.035090352
1Q May 2003,-0.412550731,0.135334809,0.126148523,0.143266007,-2.380587856,-0.408899829,-3.567443509
2Q May 2003,0.116300305,0.150053325,0.134359484,0.16360066,-0.008554904,0.175676657,-0.123085267
1Q Jun 2003,-0.020160903,0.026092889,-0.037186862,0.080701683,-0.191498099,-0.626071323,0.079469082
2Q Jun 2003,0.090262241,0.015535635,-0.136026833,0.146176069,0.3671135,0.717186667,0.15037304
1Q Jul 2003,0.085383988,0.076893451,-0.015923501,0.156672292,0.113494794,0.380809118,-0.052943959
2Q Jul 2003,0.029715118,0.101980193,-0.0330538,0.217845785,-0.235911155,-0.624012073,0.006782003
1Q Ago 2003,0.181112549,0.274622638,0.207825937,0.331793895,-0.162051063,-0.70367888,0.17451153
2Q Ago 2003,0.205655035,0.064461065,0.033555763,0.090880212,0.72846265,1.096680334,0.501661393
1Q Sep 2003,0.473467673,0.402419902,0.089621364,0.669660052,0.734101207,1.272373875,0.400592802
2Q Sep 2003,0.037052872,0.088734261,0.100407,0.07881909,-0.149519389,-0.29016936,-0.061617374
1Q Oct 2003,0.282067354,0.132966443,0.143947107,0.123637129,0.831025175,0.642381196,0.948652383
2Q Oct 2003,0.132587058,0.074388723,0.098194317,0.054159081,0.34197658,0.930648811,-0.023970892
1Q Nov 2003,0.686648192,0.157441424,0.206555955,0.11568625,2.622088298,0.503161675,3.9518944
2Q Nov 2003,0.152174117,0.135819598,0.197769727,0.083104318,0.208517228,0.633739302,-0.049492165
1Q Dic 2003,0.223224754,0.139007901,0.147154612,0.13206767,0.521112646,0.878850219,0.302566621
2Q Dic 2003,0.261096606,0.164325877,0.101212371,0.218100742,0.607280693,1.733376589,-0.084616841
1Q Ene 2004,0.329487754,0.187910203,0.232090857,0.150310681,0.828087624,0.891437708,0.788455742
2Q Ene 2004,0.320032748,0.228822407,0.272364969,0.191735667,0.637994861,-0.249445507,1.193745802
1Q Feb 2004,0.319939165,0.239314266,0.294030157,0.192673303,0.60458874,0.694752573,0.548929802
2Q Feb 2004,0.234798203,0.19293251,0.149276828,0.230183166,0.378458229,0.725700791,0.163791392
1Q Mar 2004,0.184447396,0.176332343,0.173888289,0.17841613,0.213622536,-0.141381935,0.434319016
2Q Mar 2004,0.074563664,0.187178695,0.145205815,0.222962917,-0.317630919,-1.728138597,0.55421644
1Q Abr 2004,-0.00275956,0.175721461,0.074899884,0.261610794,-0.625784389,-1.758027872,0.05818037
2Q Abr 2004,0.230889523,0.119660108,0.161059207,0.084458126,0.62536042,1.464816902,0.127466783
1Q May 2004,-0.373528143,0.107116625,0.117004019,0.098702861,-2.060229085,-0.931305299,-2.738753139
2Q May 2004,0.01750281,0.127359136,0.156931732,0.102189477,-0.375112193,-1.386556505,0.244099576
1Q Jun 2004,0.09210393,0.154205877,0.190230775,0.123527804,-0.128598485,-1.446705547,0.665227335
2Q Jun 2004,0.117784546,0.095876734,0.060717577,0.125837506,0.195726922,0.735207582,-0.122357268
1Q Jul 2004,0.14889569,0.084635519,0.10267282,0.069275082,0.380904975,0.223432208,0.474549992
2Q Jul 2004,0.109211384,0.083053548,0.051839301,0.109644249,0.202090691,0.106277041,0.258926205
1Q Ago 2004,0.380447737,0.163568308,0.196832182,0.135247939,1.15866334,2.302764012,0.481029783
2Q Ago 2004,0.361653744,0.145222738,0.168580588,0.125323981,1.1299233,2.959697695,0.026527052
1Q Sep 2004,0.552355473,0.440957387,0.188662583,0.655982406,0.94657308,1.55199574,0.570783534
2Q Sep 2004,0.184615385,0.116529873,0.148720931,0.089221557,0.420429795,1.04456771,0.02924387
1Q Oct 2004,0.514886544,0.167164916,0.267038396,0.082389886,1.728845324,2.675279664,1.129635211
2Q Oct 2004,0.168952316,0.123152854,0.161362673,0.090659596,0.326533214,0.857443887,-0.014736337
1Q Nov 2004,0.640577058,0.128417608,0.130675868,0.126495848,2.396177213,0.272210716,3.773373098
2Q Nov 2004,0.254065041,0.094739635,0.11127659,0.080666248,0.79208419,2.047148106,0.005747466
1Q Dic 2004,0.151163514,0.176874405,0.163335353,0.188400022,0.063379018,-0.583008276,0.476627664
2Q Dic 2004,-0.14294466,0.108990543,0.078473196,0.134963058,-0.983257959,-2.63923143,0.064274675
1Q Ene 2005,0.083577843,0.239655834,0.249831728,0.231000283,-0.443346353,-2.280365156,0.687315491
2Q Ene 2005,-0.01776767,0.16028224,0.090862835,0.219341043,-0.621633325,-1.849957431,0.112101594
1Q Feb 2005,0.170599943,0.224216451,0.234695509,0.215312784,-0.011496328,0.154821582,-0.108898593
2Q Feb 2005,0.342392847,0.167068525,0.227823279,0.115437481,0.94192857,2.609952513,-0.03751057
1Q Mar 2005,0.201552306,0.158652087,0.12362599,0.188451632,0.347617122,0.404175778,0.313527138
2Q Mar 2005,0.155271284,0.085582104,0.055133886,0.111470114,0.393431113,0.45720364,0.354958347
1Q Abr 2005,0.079276994,0.099084158,0.129155466,0.073530997,0.01068258,1.193239452,-0.703458743
2Q Abr 2005,0.398711449,0.096281762,0.112862735,0.082184211,1.424246148,3.68498772,0.032915253
1Q May 2005,-0.419921276,0.09023145,0.125665021,0.060095722,-2.125639788,0.640080526,-3.889892188
2Q May 2005,-0.060744784,0.110259288,0.122529742,0.09981661,-0.643535508,-1.514890611,-0.061499916
1Q Jun 2005,-0.145347557,0.114118254,0.139267694,0.092710155,-1.040940431,-3.127461242,0.332515825
2Q Jun 2005,0.160556124,0.146682083,0.073038412,0.20939936,0.209221292,0.271825055,0.169433327
1Q Jul 2005,0.280082439,0.098168919,-0.027838952,0.205335176,0.912092845,1.854684486,0.312414477
2Q Jul 2005,0.062359472,0.068241582,0.05250615,0.081592998,0.042582803,0.139922598,-0.020297043
1Q Ago 2005,0.071975914,0.09993658,0.083282935,0.114062985,-0.024267266,-0.651368895,0.38147893
2Q Ago 2005,0.030699331,0.007901696,0.002325249,0.012630446,0.110052531,0.178034208,0.066519712
1Q Sep 2005,0.356002946,0.419563999,0.1679769,0.632884431,0.136646052,-0.277063759,0.401864879
2Q Sep 2005,0.059414592,0.113860663,0.138495966,0.093068917,-0.130407568,-0.53692649,0.128439093
1Q Oct 2005,0.187743412,0.12580319,0.163610215,0.093880268,0.401610084,-1.240883304,1.440500819
2Q Oct 2005,0.055781684,0.1116246,0.107792313,0.114862702,-0.137082248,-0.76299954,0.248350857
1Q Nov 2005,0.66900703,0.105362497,0.079124247,0.127531019,2.629771858,-1.061828793,4.880086075
2Q Nov 2005,0.045861636,0.089101277,0.128203021,0.056080445,-0.103210819,-0.368567639,0.049380404
1Q Dic 2005,0.415160269,0.190429361,0.148096785,0.226204351,1.181134411,1.977564197,0.725067297
2Q Dic 2005,0.348843219,0.094784236,0.064949838,0.119977448,1.203062065,3.11196938,0.096353755
1Q Ene 2006,0.319305082,0.106558889,0.183198961,0.041876897,1.025433411,0.897972225,1.10155665
2Q Ene 2006,0.184812834,0.127339477,0.124326145,0.129886235,0.374728266,0.68519918,0.18968015
1Q Feb 2006,0.070031002,0.20378302,0.190326096,0.215155685,-0.371540363,-0.293536333,-0.41826258
2Q Feb 2006,-0.018775657,0.118289544,0.111769135,0.123798682,-0.47164424,-1.113364025,-0.086790742
1Q Mar 2006,0.040972762,0.206624082,0.1545304,0.250633101,-0.508191195,-1.801234836,0.259307922
2Q Mar 2006,0.187714912,0.260574144,0.165303797,0.340981883,-0.058434336,-0.760998853,0.350009398
1Q Abr 2006,0.025549528,0.19995798,0.114377045,0.272061439,-0.559715074,-0.525081765,-0.57962662
2Q Abr 2006,0.053640303,0.018057104,0.021841597,0.014873614,0.175682294,0.048468706,0.248860658
1Q May 2006,-0.48931173,0.0578167,0.051493219,0.063136337,-2.338520227,0.919422753,-4.208873627
2Q May 2006,0.035916776,0.136597434,0.111183282,0.157974639,-0.313364501,-0.723104907,-0.065543295
1Q Jun 2006,0.073517469,0.172569418,0.153898645,0.188267069,-0.272947702,-1.102664222,0.225583495
2Q Jun 2006,-0.009396489,0.122013244,-0.007578882,0.230931824,-0.469938176,-1.272096363,0.005647342
1Q Jul 2006,0.225536932,0.156888104,0.084595019,0.217503846,0.469152271,0.629156023,0.375500896
2Q Jul 2006,0.105695631,0.081061674,0.065385917,0.09418793,0.190409022,0.434920965,0.046932721
1Q Ago 2006,0.29631648,0.127133757,0.157978564,0.101312975,0.888268822,1.702338363,0.408731332
2Q Ago 2006,0.320910094,0.013057323,0.013225313,0.012916616,1.390886964,3.565396552,0.093463209
1Q Sep 2006,0.59999323,0.470494284,0.339200255,0.580465602,1.044920102,2.480608235,0.158602068
2Q Sep 2006,0.492946491,0.139275387,0.209638691,0.080480755,1.697553275,4.637344649,-0.159393372
1Q Oct 2006,0.282095712,0.112413916,0.182508894,0.053767906,0.852773937,0.468317557,1.107286654
2Q Oct 2006,-0.181135225,0.097767349,0.136633802,0.065207309,-1.110775121,-2.432308619,-0.241439923
1Q Nov 2006,0.51177843,0.131215007,0.204670829,0.069634093,1.795976185,-2.103188689,4.304605796
2Q Nov 2006,0.20716336,0.163418271,0.192012071,0.139414612,0.350743392,0.275313582,0.396291781
1Q Dic 2006,0.386071535,0.279892839,0.270186476,0.288045327,0.740198942,1.55853134,0.246643315
2Q Dic 2006,0.175338478,0.067727844,0.20211365,-0.045124262,0.528338019,1.230319447,0.099415788
1Q Ene 2007,0.330248264,0.322480483,0.481200595,0.188863664,0.357533867,-0.561243624,0.925264524
2Q Ene 2007,0.195850923,0.214846523,0.201278543,0.226301909,0.133300069,0.272477509,0.048566279
1Q Feb 2007,0.141262658,0.213446373,0.187784429,0.23510723,-0.097032914,-0.179192551,-0.046900667
2Q Feb 2007,0.081193462,0.118406368,0.100673329,0.133367491,-0.042265033,-0.408061876,0.180641824
1Q Mar 2007,0.081127592,0.139580138,0.134924378,0.143506857,-0.11063524,-0.040988321,-0.152826817
2Q Mar 2007,0.189144265,0.191332036,0.117576789,0.25353268,0.181679339,0.266337925,0.130336363
1Q Abr 2007,-0.209218699,0.040673021,0.115332793,-0.022205058,-1.033777528,0.079585643,-1.709917107
2Q Abr 2007,0.109742515,0.114252898,0.177043655,0.061298095,0.093406027,0.167980663,0.047292701
1Q May 2007,-0.512115709,0.097835165,0.14320794,0.059525613,-2.551223351,-2.235158067,-2.746898502
2Q May 2007,-0.060849258,0.085476643,0.057498029,0.109119556,-0.564598661,-1.541543193,0.043407573
1Q Jun 2007,0.082278793,0.159476744,0.168834781,0.151572952,-0.182529027,-0.831297313,0.214838419
2Q Jun 2007,0.137292622,0.166671013,0.15636514,0.175376847,0.033980495,0.013029443,0.046678958
1Q Jul 2007,0.245474324,0.17274518,0.158755166,0.184560932,0.497888351,0.820438569,0.302455971
2Q Jul 2007,0.219485029,0.094902016,0.123314776,0.070911215,0.651937198,1.680104132,0.02575628
1Q Ago 2007,0.2042951,0.172302521,0.167983999,0.175950849,0.312362045,0.22962953,0.36358169
2Q Ago 2007,0.186752785,0.101357994,0.181308977,0.033820034,0.483672364,1.263050153,0.001804091
1Q Sep 2007,0.622705554,0.369977289,0.218934978,0.497757207,1.486457944,3.266119346,0.372263833
2Q Sep 2007,0.118107688,0.114522108,0.167635508,0.069713494,0.131275807,0.312239368,0.014713336
1Q Oct 2007,0.31916097,0.185243118,0.310935861,0.079099871,0.772426432,-1.005931619,1.921312206
2Q Oct 2007,0.021746659,0.169835129,0.212275004,0.133913075,-0.477942652,-1.274964601,0.022174897
1Q Nov 2007,0.643400116,0.121412439,0.225850865,0.032944255,2.412143049,1.301694037,3.09989438
2Q Nov 2007,0.102413928,0.040781193,0.103491448,-0.012442139,0.307596672,0.769146398,0.026723795
1Q Dic 2007,0.196625397,0.30169479,0.288289144,0.313085598,-0.153072183,-0.756095201,0.216616988
2Q Dic 2007,0.331054508,0.119728508,0.247040868,0.011577653,1.033322633,2.611588875,0.075142388
1Q Ene 2008,0.273510797,0.242838489,0.298861478,0.19513535,0.3763393,-0.047716782,0.640312864
2Q Ene 2008,0.047575248,0.260984894,0.101424848,0.396989679,-0.653078848,-2.098832526,0.240745514
1Q Feb 2008,0.126014456,0.164712278,0.226838496,0.11191342,-0.004984826,-1.148273572,0.685346202
2Q Feb 2008,0.294455218,0.268532595,0.301283341,0.240666951,0.383334902,0.943778969,0.051095045
1Q Mar 2008,0.477479539,0.314910023,0.286897033,0.338759007,1.016630667,1.139384747,0.943210883
2Q Mar 2008,0.19715345,0.076045996,0.216515539,-0.043481565,0.596059686,1.395021462,0.117268261
1Q Abr 2008,0.058794478,0.239411674,0.311245941,0.178127867,-0.534203616,1.075287016,-1.511027915
2Q Abr 2008,0.141023833,0.230781335,0.356767204,0.123156471,-0.155189919,-0.423703985,0.012054804
1Q May 2008,-0.264438498,0.251660737,0.35889186,0.159843598,-1.973985586,-1.083872747,-2.525979212
2Q May 2008,0.17257609,0.218366603,0.284209805,0.161876018,0.017158003,0.020842607,0.014839231
1Q Jun 2008,0.28504307,0.254633229,0.298795748,0.216697444,0.388297589,0.161383112,0.531106561
2Q Jun 2008,0.085113693,0.210653677,0.090183086,0.314223183,-0.343701268,-0.892077461,0.000150871
1Q Jul 2008,0.383075999,0.23201914,0.188013338,0.269766777,0.899966448,1.28830476,0.658636569
2Q Jul 2008,0.261922527,0.127272885,0.139282068,0.116979953,0.717951198,1.354221485,0.320072437
1Q Ago 2008,0.30852474,0.225900205,0.340050861,0.128041213,0.585466442,0.149332268,0.861005543
2Q Ago 2008,0.274345242,0.246096243,0.392240713,0.120544336,0.370402459,-0.089456682,0.658880465
1Q Sep 2008,0.437751437,0.400870069,0.240534207,0.538987516,0.561543401,0.65717612,0.501997261
2Q Sep 2008,0.210248462,0.118293265,0.137816054,0.101525755,0.517836318,0.909745395,0.273435599
1Q Oct 2008,0.48699807,0.138725427,0.148933106,0.129955194,1.648485547,0.535300783,2.347090448
2Q Oct 2008,0.17602414,0.176381214,0.083955997,0.255806161,0.176021437,0.254673194,0.12753549
1Q Nov 2008,0.943991846,0.299786969,0.436890181,0.18217026,3.05820263,2.350365557,3.495112504
2Q Nov 2008,0.20647456,0.133721253,0.255161197,0.029276707,0.440486336,1.209887106,-0.029170586
1Q Dic 2008,0.454210471,0.415757713,0.513939865,0.331125369,0.573750574,1.396164497,0.065511313
2Q Dic 2008,0.26800018,0.176156193,0.357235658,0.01978252,0.562937387,1.602266975,-0.087893501
1Q Ene 2009,0.149320591,0.270733414,0.537717077,0.039398115,-0.237442091,-0.76027476,0.095496006
2Q Ene 2009,-0.102877591,0.159915674,0.165984282,0.154631168,-0.938002956,-1.416062817,-0.636179644
1Q Feb 2009,0.170892972,0.27545432,0.359287388,0.202444755,-0.165532753,-0.748079755,0.199372187
2Q Feb 2009,0.202635755,0.218434264,0.304687516,0.143199404,0.150010334,0.17000696,0.137603252
1Q Mar 2009,0.309286782,0.2694477,0.352246156,0.197109841,0.439762498,1.209895494,-0.038239562
2Q Mar 2009,0.32760397,0.271631378,0.295633958,0.25062877,0.508074871,1.186741841,0.081585318
1Q Abr 2009,0.142581689,0.230022719,0.38311123,0.096007895,-0.139959073,2.140073603,-1.588607825
2Q Abr 2009,0.087050179,0.114079935,0.262868564,-0.016544335,-0.001516914,0.11036131,-0.075293638
1Q May 2009,-0.342738369,0.085459676,0.335228119,-0.134429415,-1.729241725,0.379011133,-3.122082988
2Q May 2009,0.017010954,0.112616574,0.153994725,0.0760171,-0.298575152,-0.927146916,0.131705596
1Q Jun 2009,0.134585521,0.141206684,0.234475482,0.058645025,0.111654649,0.296446307,-0.013504462
2Q Jun 2009,0.081233569,0.108724174,0.046014529,0.164332381,-0.009605741,-0.067744157,0.029893385
1Q Jul 2009,0.200705421,0.208146014,0.15017439,0.259492023,0.176769695,0.415277618,0.014886042
2Q Jul 2009,0.061121994,0.087007134,0.114957777,0.062277981,-0.023264764,-0.105610478,0.032849897
1Q Ago 2009,0.110393959,0.083222622,0.21298339,-0.031642832,0.197799671,-0.50838977,0.678367851
2Q Ago 2009,0.197019709,0.054100812,0.075000883,0.0355546,0.671428844,1.682652733,-0.008606375
1Q Sep 2009,0.393998312,0.301502351,0.256657567,0.341312208,0.700425299,1.753688542,-0.019861175
2Q Sep 2009,0.017539757,0.133032474,0.195940005,0.07723497,-0.362034733,-0.89706913,0.010345364
1Q Oct 2009,0.346349448,0.222066187,0.213274283,0.22987365,0.755374258,-1.168556251,2.082266669
2Q Oct 2009,-0.104856914,0.068426631,0.107735949,0.033524614,-0.672876313,-1.743314066,0.041871082
1Q Nov 2009,0.525563833,0.086143202,0.12226332,0.054049025,1.978926238,-0.440834065,3.565805253
2Q Nov 2009,0.092091047,0.04682229,0.027899991,0.063646976,0.239413903,0.601633582,0.011060034
1Q Dic 2009,0.254285176,0.346996455,0.214479918,0.464780911,-0.044373896,-0.464895289,0.222300567
2Q Dic 2009,0.22473534,0.188651585,0.246934865,0.136976819,0.339806004,0.554402552,0.204652293
1Q Ene 2010,0.748399377,0.491471008,0.686160803,0.318666784,1.584286169,1.486518855,1.646075307
2Q Ene 2010,0.447994046,0.328595704,0.273276917,0.377875834,0.831165538,1.523818303,0.394094768
1Q Feb 2010,0.182388145,0.165867836,0.22520603,0.113062146,0.235772436,-0.607044103,0.773582613
2Q Feb 2010,0.342777493,0.165376998,0.133952584,0.193373245,0.910376116,1.503925467,0.536814961
1Q Mar 2010,0.457129088,0.170031281,0.11631135,0.217862386,1.366567332,2.851481571,0.423019413
2Q Mar 2010,0.160854504,0.195734809,0.084560724,0.29462159,0.051732335,-0.14225166,0.177974887
1Q Abr 2010,-0.307809341,-0.029302505,0.147164672,-0.185937234,-1.183112986,-0.928149827,-1.348509679
2Q Abr 2010,-0.182288355,0.078596839,0.121905057,0.040027574,-1.009137257,-2.612908855,0.03567565
1Q May 2010,-0.537954076,0.16068642,0.181567179,0.142075296,-2.780639121,-1.758804469,-3.428710917
2Q May 2010,-0.003558314,0.066163281,-0.006977599,0.131379822,-0.233807357,-0.809900487,0.137882579
1Q Jun 2010,-0.043412971,0.029724436,-0.030995743,0.083791168,-0.287489346,-1.109551339,0.23787742
2Q Jun 2010,0.028479886,0.149663992,0.022334801,0.262910986,-0.375552055,-1.239950301,0.169445295
1Q Jul 2010,0.148053242,0.1398969,-0.03548754,0.295510102,0.174830226,0.222731733,0.145053584
2Q Jul 2010,0.110165034,-0.012789541,-0.0443783,0.015145692,0.522043651,1.125740536,0.14648116
1Q Ago 2010,0.157611126,0.08704358,0.178794265,0.005952983,0.392434152,0.412972038,0.379532509
2Q Ago 2010,0.128300549,0.032377373,0.066516367,0.002152682,0.448327965,0.79183219,0.232471017
1Q Sep 2010,0.402814748,0.33089101,0.178115011,0.466237097,0.638751727,1.197858355,0.285450217
2Q Sep 2010,0.114225278,0.029458507,0.149424637,-0.07651613,0.393885399,0.744479101,0.170328356
1Q Oct 2010,0.482438533,0.118784084,0.289968334,-0.032777099,1.674167409,0.954949551,2.135407306
2Q Oct 2010,0.154199843,0.115162863,0.138565048,0.094376406,0.281217466,0.503648075,0.140219695
1Q Nov 2010,0.681633681,0.184439931,0.246641466,0.129166448,2.286531398,0.810333155,3.225682917
2Q Nov 2010,0.084106043,-0.010125144,0.064585061,-0.076591963,0.380445083,0.625732974,0.22804529
1Q Dic 2010,0.193072986,0.305218412,0.217803353,0.383098131,-0.158845834,-0.430375084,0.010527362
2Q Dic 2010,0.518490278,0.2622059,0.458886188,0.087268267,1.328270157,3.057027164,0.254668507
1Q Ene 2011,0.174,0.208453158,0.44367927,0.016155526,0.062298413,-1.176060039,0.77203748
2Q Ene 2011,0.107812406,0.234246423,0.112355706,0.334318174,-0.312207662,-1.162180603,0.165519092
1Q Feb 2011,0.205420714,0.222701023,0.36580833,0.105470461,0.149534687,-0.082484249,0.278212244
2Q Feb 2011,0.230873338,0.124628555,0.221845083,0.044783665,0.582739704,1.312927625,0.179234573
1Q Mar 2011,0.048649722,0.238483009,0.265676964,0.216108819,-0.579259614,-2.151692629,0.299507363
2Q Mar 2011,0.054580278,-0.004834882,0.211833877,-0.183190177,0.252801033,0.536433446,0.098164555
1Q Abr 2011,-0.090256288,0.051146204,0.186508256,-0.060720791,-0.561489066,2.47350135,-2.223411597
2Q Abr 2011,0.112177737,0.053352309,0.108003896,0.008074976,0.308626953,0.609375287,0.136029899
1Q May 2011,-0.749657894,0.071050862,0.127000114,0.024652134,-3.49060608,-2.695293127,-3.949187323
2Q May 2011,-0.088919972,0.160461414,0.201079846,0.126742071,-0.951656651,-3.002528434,0.246323288
1Q Jun 2011,-0.05499945,0.04029376,0.018573656,0.058338066,-0.387503342,-1.43063167,0.202073934
2Q Jun 2011,0.189102115,0.145842835,0.188159706,0.110701424,0.339272459,0.635547391,0.174546074
1Q Jul 2011,0.315573975,0.142820872,0.027775716,0.238432317,0.920447245,2.027552211,0.302073434
2Q Jul 2011,0.140366945,0.017699047,-0.093629349,0.110027133,0.569215678,1.278327085,0.166327692
1Q Ago 2011,0.085493876,0.087914782,0.043368136,0.124783539,0.077500681,-0.118264691,0.189961304
2Q Ago 2011,0.003973063,0.046084291,0.185408074,-0.069132418,-0.144384375,-0.727363316,0.189487127
1Q Sep 2011,0.21155718,0.217157995,0.199453119,0.231836706,0.193665503,0.093891853,0.25028288
2Q Sep 2011,0.062441152,0.051325084,0.047633654,0.054384576,0.102767979,0.035087997,0.141113628
1Q Oct 2011,0.613126251,0.203697438,0.282361395,0.138504408,2.032895755,0.286643091,3.021227807
2Q Oct 2011,0.062021914,0.059494943,0.095955528,0.029234696,0.068694944,-0.017284678,0.116065415
1Q Nov 2011,0.966155057,0.249237459,0.221841692,0.27198958,3.411802952,1.003852362,4.736696226
2Q Nov 2011,0.165656487,0.08707859,0.135594421,0.046806457,0.426303629,0.912901446,0.168111768
1Q Dic 2011,0.505875944,0.346586944,0.385153228,0.314545344,1.030780527,2.301918047,0.351291987
2Q Dic 2011,0.462676165,0.230681289,0.425810558,0.068450082,1.219527071,2.956371513,0.273047314
1Q Ene 2012,0.317949706,0.196622745,0.500634102,-0.057036072,0.712290497,1.348921822,0.356079416
2Q Ene 2012,0.315021129,0.271183268,0.267886872,0.273949039,0.45361041,0.788671678,0.264280558
1Q Feb 2012,0.068933824,0.260328378,0.446071215,0.104494259,-0.544324236,-1.672654422,0.096585036
2Q Feb 2012,-0.04688098,0.058030467,0.116714813,0.008627603,-0.386249776,-1.056257662,-0.012401558
1Q Mar 2012,0.047860172,0.163382522,0.142706072,0.180807609,-0.328983872,-0.948207879,0.012921072
2Q Mar 2012,0.066015442,0.103692308,0.101562096,0.105486861,-0.056741944,-0.276186219,0.063259943
1Q Abr 2012,-0.416865857,0.02796779,0.17419711,-0.095215332,-1.876814916,-0.910808992,-2.403277902
2Q Abr 2012,0.141137162,0.141522154,0.19221948,0.098699718,0.140616766,-0.038269386,0.239598675
1Q May 2012,-0.477464262,0.143205405,0.129927886,0.154430985,-2.55037818,0.280064556,-4.112187193
2Q May 2012,0.184965752,0.102944213,0.151306424,0.062066013,0.463818502,0.792815969,0.273965574
1Q Jun 2012,0.241357758,0.102340406,0.261370436,-0.032199747,0.716370558,1.395938086,0.322186777
2Q Jun 2012,0.253247127,0.123901122,0.05038844,0.186275834,0.69429167,1.615523253,0.154211143
1Q Jul 2012,0.389436418,0.204884945,0.230905234,0.182836957,1.015701042,2.252218832,0.28020403
2Q Jul 2012,0.089594632,0.088808211,0.122443432,0.060294125,0.090004797,-0.161276416,0.242409404
1Q Ago 2012,0.13617621,0.156062083,0.275647182,0.054621466,0.069036907,-0.352270797,0.323535274
2Q Ago 2012,0.237746543,0.047618254,0.111835189,-0.006975469,0.878240522,2.056858435,0.171071521
1Q Sep 2012,0.249516147,0.118503727,0.192597362,0.05543853,0.68468864,1.56516989,0.146455833
2Q Sep 2012,0.143848127,0.069307026,0.157895293,-0.00619872,0.390488915,1.849979983,-0.514327998
1Q Oct 2012,0.449824701,0.167823522,0.173608527,0.162884741,1.38104748,-0.38802918,2.503857633
2Q Oct 2012,-0.032927231,0.050380297,0.069232233,0.034284282,-0.303436966,-1.180257048,0.237369019
1Q Nov 2012,0.788631658,0.178270359,0.347738789,0.033525583,2.78566407,-0.327556499,4.678682984
2Q Nov 2012,-0.183943678,-0.302953941,0.00424575,-0.566160606,0.195548717,0.233660289,0.173482963
1Q Dic 2012,0.274085369,0.258650828,0.346939081,0.182572096,0.323553998,0.262826603,0.358734934
2Q Dic 2012,0.097020356,0.028646637,0.211519795,-0.129195247,0.310795566,0.719901811,0.074016334
1Q Ene 2013,0.15377733,0.177048152,0.165187516,0.187320256,0.08158353,-0.557475509,0.453840163
2Q Ene 2013,0.399207169,0.465162694,-0.058381471,0.918486745,0.191060397,-0.084891525,0.350186153
1Q Feb 2013,0.238201164,0.243167942,0.165903201,0.309421994,0.220793023,-0.027405753,0.363294603
2Q Feb 2013,0.11003338,0.065959512,0.019298137,0.105914114,0.251990722,0.186023153,0.289718097
1Q Mar 2013,0.520929545,0.255305218,0.200734918,0.301991541,1.362816366,2.918851467,0.473827727
2Q Mar 2013,0.312408115,0.024931253,-0.002813274,0.048643461,1.212827942,3.134049374,0.088491655
1Q Abr 2013,-0.09343055,0.050782344,0.144619405,-0.027745013,-0.557282014,0.210447351,-1.04590017
2Q Abr 2013,0.007334739,0.033548708,0.001048668,0.060793193,-0.076349631,-0.514144186,0.205820481
1Q May 2013,-0.345624232,0.142612405,0.142174036,0.142979667,-1.925751755,-0.437052543,-2.878363664
2Q May 2013,0.018399095,0.075928056,0.057448147,0.091410221,-0.170206416,-0.642714142,0.139749347
1Q Jun 2013,-0.046909061,0.070778037,0.041773122,0.095069633,-0.43630607,-2.104762555,0.649616616
2Q Jun 2013,-0.046931076,0.039184586,-0.111781148,0.165550959,-0.333961084,-1.192493138,0.209526936
1Q Jul 2013,0,0.035166439,-0.062442853,0.116644406,-0.117036933,-0.779105951,0.296217627
2Q Jul 2013,-0.019333634,-0.041579245,-0.086919024,-0.003800209,0.052989418,-0.282106564,0.259909285
1Q Ago 2013,0.260594118,0.104721133,0.250416083,-0.016577198,0.782556942,1.351222073,0.433307792
2Q Ago 2013,0.067964108,0.012911439,0.107311523,-0.065891223,0.251399821,0.624902345,0.019914464
1Q Sep 2013,0.337754119,0.301638379,0.362572394,0.250684135,0.456273776,0.54383695,0.401676564
2Q Sep 2013,0.010061927,0.031539868,-0.009639529,0.066013337,-0.062831614,-0.241306785,0.048608429
1Q Oct 2013,0.401521942,0.136054813,0.13500261,0.136935002,1.283234751,-0.948169665,2.6724881
2Q Oct 2013,0.136645623,0.080398886,-0.049949018,0.189435463,0.317905146,0.705781012,0.084932817
1Q Nov 2013,0.850595417,0.111524397,0.030035311,0.179527494,3.267288688,2.340669843,3.827302078
2Q Nov 2013,0.024355482,-0.032998955,-0.059270403,-0.011108,0.205126939,0.521500759,0.016660292
1Q Dic 2013,0.40312035,0.304783436,0.283675402,0.322363452,0.712479733,0.797576031,0.661531252
2Q Dic 2013,0.317069666,0.078811185,0.20484125,-0.026113602,1.066609697,1.512413177,0.799339463
1Q Ene 2014,0.676008417,0.69109392,1.137812793,0.318324423,0.627329592,-0.939888462,1.573562464
2Q Ene 2014,0.115617218,0.241627346,0.044641574,0.407347075,-0.2769224,-0.957937966,0.124077046
1Q Feb 2014,0.119037044,0.118505618,0.096852751,0.136655888,0.123579978,-0.602843849,0.546694529
2Q Feb 2014,0.151724872,0.084510482,0.01347625,0.144030455,0.361323997,0.757923845,0.132960552
1Q Mar 2014,0.172757475,0.107537018,0.126526182,0.091646637,0.377701107,0.584485351,0.257890949
2Q Mar 2014,0.05041125,0.129738494,0.09909623,0.155389279,-0.199271796,-0.497532321,-0.02589762
1Q Abr 2014,-0.185632077,0.262615822,0.149552156,0.357208757,-1.586285591,-0.645796646,-2.130398041
2Q Abr 2014,-0.050479556,-0.072929491,0.067721261,-0.190359241,0.020465753,-0.459013519,0.302072611
1Q May 2014,-0.368598263,0.055680247,0.131961028,-0.008171491,-1.717708868,0.824516627,-3.199474419
2Q May 2014,0.148518374,0.149256248,0.219618556,0.090276098,0.145144163,0.396356852,-0.007364822
1Q Jun 2014,0.080809157,0.115748845,0.092856841,0.134962521,-0.030743781,-0.479544378,0.242819133
2Q Jun 2014,0.035491828,0.044129056,-0.061938772,0.133116286,0.006194326,-0.238493493,0.154267107
1Q Jul 2014,0.197796739,0.140171143,-0.021305988,0.275380959,0.384992144,0.476796243,0.329654777
2Q Jul 2014,0.118620812,0.051285476,0.021905552,0.075813411,0.336399064,0.84001266,0.032387342
1Q Ago 2014,0.189214759,0.146982055,0.402082483,-0.06587474,0.327398558,0.644093779,0.134678618
2Q Ago 2014,0.219745307,0.079186038,0.064657182,0.09136574,0.671114853,1.753925596,0.008835094
1Q Sep 2014,0.32405206,0.239091729,0.236899935,0.240928644,0.598382267,1.199680672,0.224192607
2Q Sep 2014,0.015799175,0.028365081,0.102782388,-0.034000622,-0.025943224,-0.122252469,0.034573622
1Q Oct 2014,0.497595394,0.115766706,0.075664449,0.149420538,1.715210644,-0.126518292,2.87066457
2Q Oct 2014,0.094310789,0.073080196,0.082076347,0.065536182,0.164126059,0.584071258,-0.091660774
1Q Nov 2014,0.73719934,0.125435259,0.127235793,0.123925114,2.65544504,0.926839078,3.715452795
2Q Nov 2014,0.044168081,-0.001277824,-0.094325893,0.076766129,0.184615295,0.783635042,-0.172836415
1Q Dic 2014,0.414650404,0.209306998,0.199781012,0.217283248,1.04152806,2.444962487,0.196035767
2Q Dic 2014,0.106036311,0.046841559,0.065217329,0.03145794,0.287384011,0.921810008,-0.103401602
1Q Ene 2015,-0.186874037,-0.091748996,0.210308538,-0.344707424,-0.475189559,-1.547437006,0.192057929
2Q Ene 2015,0.085415516,0.070835076,-0.051393571,0.173765678,0.13068122,0.646850591,-0.184948497
1Q Feb 2015,0.105169694,0.279307916,0.362737431,0.209208569,-0.424240322,-0.975336288,-0.084445276
2Q Feb 2015,0.083530678,0.050193766,-0.018976947,0.108401591,0.185755233,-0.441239976,0.568901242
1Q Mar 2015,0.17982826,0.147353888,0.131527563,0.160654948,0.277559382,-0.140499032,0.530461709
2Q Mar 2015,0.370176328,0.179198453,0.046120846,0.291009531,0.954722615,2.204830488,0.203523511
1Q Abr 2015,-0.450959251,0.025752199,0.236032373,-0.15049265,-1.894894711,-0.538280077,-2.726376031
2Q Abr 2015,0.018051317,0.080717706,0.037780954,0.116844152,-0.174442941,-0.566441762,0.071221121
1Q May 2015,-0.530269174,0.033913359,0.023634004,0.04255545,-2.273541155,-0.867198398,-3.149274389
2Q May 2015,0.042336637,0.082945858,0.074426145,0.090107223,-0.086937672,-0.447413438,0.142820636
1Q Jun 2015,0.132138045,0.125615982,0.177132002,0.082320252,0.154086208,0.247537418,0.094873789
2Q Jun 2015,0.028462753,0.083519073,-0.011877098,0.163769052,-0.149327602,-0.532259474,0.093675195
1Q Jul 2015,0.093986583,0.098874681,-0.051871077,0.225463934,0.079488809,0.237076656,-0.019888697
2Q Jul 2015,0.078392185,0.063724818,0.005037818,0.112871052,0.125143351,0.249848522,0.046300083
1Q Ago 2015,0.115344225,0.121620976,0.274333771,-0.006127497,0.094456102,-0.137386979,0.24133418
2Q Ago 2015,0.111772191,0.094408743,0.126942119,0.067117343,0.167253604,0.487227074,-0.034691301
1Q Sep 2015,0.320342156,0.271355481,0.337331401,0.215976914,0.476331118,0.979963758,0.156813838
2Q Sep 2015,-0.003424335,0.104076769,0.191473042,0.030629652,-0.344936597,-0.66170054,-0.142321906
1Q Oct 2015,0.462301061,0.155951722,0.20063058,0.1183436,1.437066408,0.003275727,2.349405328
2Q Oct 2015,0.10822603,0.086614456,0.106779597,0.069626636,0.177231788,0.748090635,-0.177686263
1Q Nov 2015,0.520966341,0.002055586,0.118497388,-0.096075482,2.148798888,0.284385441,3.318704353
2Q Nov 2015,-0.05843199,-0.020344842,0.025771834,-0.059293041,-0.173701456,-0.446044038,-0.007827402
1Q Dic 2015,0.257590008,0.271720487,0.159278576,0.36676501,0.212814311,1.044158335,-0.291308334
2Q Dic 2015,0.355811732,0.088656304,0.080310501,0.095696233,1.179892717,2.996780173,0.063385213
1Q Ene 2016,0.026949184,0.078144134,0.192405148,-0.018223556,-0.130235325,0.230677248,-0.358523854
2Q Ene 2016,0.353612744,0.140811055,0.049089976,0.218331541,1.003940173,1.915879478,0.423699025
1Q Feb 2016,0.285249258,0.226069407,0.387406441,0.089941437,0.465369922,1.39879024,-0.137363787
2Q Feb 2016,-0.049358342,0.123506919,0.144686434,0.105583614,-0.571846136,-1.154706865,-0.189688297
1Q Mar 2016,0.096254447,0.300548979,0.225220276,0.364321296,-0.523976628,-1.01947333,-0.202240873
2Q Mar 2016,0.151350447,-0.008459339,0.0887305,-0.090624979,0.638799221,1.206724873,0.2730537
1Q Abr 2016,-0.344824707,0.147103824,0.24405623,0.064991773,-1.842595423,-1.19767614,-2.261792285
2Q Abr 2016,-0.092997537,0.155103705,0.253040279,0.072009701,-0.86395742,-1.577248359,-0.39527123
1Q May 2016,-0.483869615,0.082736129,0.073482298,0.090601719,-2.260716876,-0.280751292,-3.546265879
2Q May 2016,0.167691919,0.106738768,0.111647405,0.102567229,0.361919947,0.621641197,0.187579388
1Q Jun 2016,0.02271408,0.162623844,0.204917283,0.126678073,-0.42447579,-1.506275599,0.304839569
2Q Jun 2016,0.008410712,0.076459877,0.02166694,0.123065532,-0.212378597,-0.440457565,-0.061391314
1Q Jul 2016,0.27753015,0.114520671,-0.006943123,0.217730447,0.805372706,-0.21890766,1.480869937
2Q Jul 2016,-0.041094971,0.03582407,0.06146664,0.014084005,-0.289281919,-0.666931986,-0.044399072
1Q Ago 2016,0.313792612,0.131059512,0.269633052,0.01351962,0.903334893,0.073370708,1.43816379
2Q Ago 2016,-0.023419008,0.080862163,0.175089198,0.000732887,-0.356494586,1.227304883,-1.363363318
1Q Sep 2016,0.537926765,0.36179293,0.420059046,0.312157896,1.104848922,2.37349037,0.277152693
2Q Sep 2016,0.168086806,0.147277704,0.288720523,0.026657502,0.232046483,0.190574747,0.259669418
1Q Oct 2016,0.493445646,0.165636291,0.204003813,0.132831352,1.537071305,-0.142820903,2.655220131
2Q Oct 2016,0.05786463,0.080314896,0.112010916,0.053194952,-0.0125246,0.004533557,-0.023569163
1Q Nov 2016,0.771632987,0.232176872,0.210099049,0.25107834,2.470726827,0.671435932,3.636032589
2Q Nov 2016,-0.037712337,-0.095700954,-0.280644504,0.062569887,0.139225941,0.109892364,0.157680302
1Q Dic 2016,0.415812351,0.467465866,0.364367097,0.555393019,0.256758199,0.461855908,0.127788543
2Q Dic 2016,0.128229212,0.053227479,0.245194513,-0.110179412,0.359222,0.894450093,0.02153666
1Q Ene 2017,1.513124623,0.366564112,0.578491413,0.185524774,5.029807182,-1.02091614,8.880637259
2Q Ene 2017,0.23945552,0.369720348,0.449093367,0.301649825,-0.143087087,-0.608494299,0.126173596
1Q Feb 2017,0.333474953,0.462800361,0.688154013,0.269252341,-0.044610464,-0.85679701,0.421831136
2Q Feb 2017,0.247677029,0.230620501,0.379118994,0.102547738,0.295390433,0.446064834,0.209959379
1Q Mar 2017,0.350673053,0.312300452,0.437310168,0.204187743,0.465938702,1.404774149,-0.067626889
2Q Mar 2017,0.275587112,0.288505773,0.296382557,0.281677811,0.238100854,1.112050932,-0.265906837
1Q Abr 2017,-0.15048313,0.264257001,0.334435236,0.203414325,-1.378106836,0.525925745,-2.491335013
2Q Abr 2017,0.272864282,0.081859231,0.241995424,-0.057156149,0.846836684,1.565244755,0.413808776
1Q May 2017,-0.337779043,0.151456557,0.256761512,0.059766941,-1.795114142,0.234137831,-3.032292576
2Q May 2017,0.165096399,0.165289362,0.20222489,0.133066076,0.16304278,0.38316127,0.024322032
1Q Jun 2017,0.151353065,0.170980749,0.177952879,0.164893922,0.092831073,0.031212894,0.131802742
2Q Jun 2017,0.034022756,0.101090758,0.074140556,0.124621956,-0.169155912,0.400738994,-0.529235432
1Q Jul 2017,0.235705416,0.185149603,0.03767951,0.313846162,0.386807054,1.217196024,-0.142766968
2Q Jul 2017,0.251722206,0.064062328,0.085076667,0.045773687,0.824148474,2.105800789,-0.004346926
1Q Ago 2017,0.308549659,0.198783306,0.405911178,0.018450461,0.640920146,0.865303935,0.49281142
2Q Ago 2017,0.1169196,0.045906509,0.048096053,0.04399283,0.331940796,0.283227642,0.364214011
1Q Sep 2017,0.340943827,0.27745286,0.248435415,0.302815382,0.531154544,0.272295182,0.70251447
2Q Sep 2017,-0.17262658,-0.036374714,0.113831725,-0.167590562,-0.580614346,-0.949016683,-0.337780952
1Q Oct 2017,0.618930994,0.207590727,0.131975143,0.273832444,1.856510067,-1.516518568,4.066215063
2Q Oct 2017,0.193635685,0.125982985,0.053116272,0.189726296,0.394274519,0.214187235,0.505922519
1Q Nov 2017,0.915081379,0.27943273,0.325508018,0.239181335,2.793056024,1.079667489,3.852215397
2Q Nov 2017,0.036148285,0.003453616,-0.032832064,0.035180103,0.128345432,-0.052792343,0.237329377
1Q Dic 2017,0.43516034,0.425050212,0.270460243,0.560124494,0.46384174,0.58289715,0.392417799
2Q Dic 2017,0.275581208,-0.015560513,0.137891271,-0.149254079,1.114476331,2.49905402,0.282261922
1Q Ene 2018,0.238180666,0.168981839,0.41644936,-0.04724216,0.433617002,-1.00923516,1.320028686
2Q Ene 2018,0.309203762,0.244731429,0.144152293,0.333019834,0.492766437,-0.365469849,1.007900046
1Q Feb 2018,0.204994268,0.297693428,0.37910521,0.226364658,-0.05753948,-1.253481826,0.650533124
2Q Feb 2018,0.043188035,0.135300152,0.170130262,0.104737315,-0.217878497,-0.93523436,0.198806546
1Q Mar 2018,0.294612157,0.235418167,0.147650712,0.312482946,0.463700478,0.559093116,0.408917608
2Q Mar 2018,0.012837261,0.053180843,0.041677532,0.063264802,-0.102047386,0.584401078,-0.496856281
1Q Abr 2018,-0.34580653,0.070558267,0.273880488,-0.10763831,-1.532850499,-0.455757957,-2.159068922
2Q Abr 2018,0.002272968,0.100056194,0.074032067,0.122951488,-0.278224435,-0.658621943,-0.053212243
1Q May 2018,-0.290933335,0.127359431,0.062043844,0.184794169,-1.506566718,-0.688265467,-1.987675123
2Q May 2018,0.256069298,0.158771265,0.222055316,0.103191125,0.541370296,-0.108723819,0.928650982
1Q Jun 2018,0.134149854,0.079575263,-0.00474042,0.15371467,0.296957754,-0.70262931,0.886321376
2Q Jun 2018,0.246747251,0.144787154,0.045237003,0.232183851,0.544582484,0.874142143,0.353332149
1Q Jul 2018,0.321642946,0.188592933,0.186931313,0.190048976,0.710203405,1.105742967,0.4794723
2Q Jul 2018,0.181378931,0.051442557,0.029677063,0.070514606,0.559553872,0.714708989,0.468482726
1Q Ago 2018,0.343,0.175428095,0.299362904,0.041616568,0.862428944,0.893263483,0.840287588
2Q Ago 2018,0.296981354,0.089673567,0.143275266,0.031651091,0.930731205,1.278481808,0.68089076
1Q Sep 2018,0.222573305,0.188957105,0.214040895,0.161774241,0.325258313,-0.363516439,0.823043772
2Q Sep 2018,0.104099539,0.179296238,0.189099062,0.168667546,-0.125335034,-0.962356127,0.472470564
1Q Oct 2018,0.398138061,0.169485068,0.138255141,0.203352958,1.095635194,-0.492854785,2.213942783
2Q Oct 2018,0.1351458,0.101613325,0.012303884,0.198403736,0.238919569,0.549379197,0.026141898
1Q Nov 2018,0.613738683,0.191882156,0.237530775,0.142501686,1.886461911,1.402941037,2.219582919
2Q Nov 2018,0.333881643,0.017798374,0.040355355,-0.006625833,1.271213386,3.535198491,-0.276094739
1Q Dic 2018,0.562099285,0.421716705,0.280006892,0.575229095,0.971640792,2.560640046,-0.15585694
2Q Dic 2018,-0.055313492,0.072080449,0.075382725,0.068513636,-0.425525421,-0.599138023,-0.298984392
1Q Ene 2019,0.10971726,0.081678855,0.216519786,-0.063973794,0.191773025,1.278375569,-0.597834717
2Q Ene 2019,0.006789195,0.162675022,0.103400785,0.226881651,-0.449729929,-1.232292172,0.12967269
1Q Feb 2019,-0.09989138,0.255770309,0.337115895,0.167764266,-1.146786057,-2.780488388,0.046340933
2Q Feb 2019,0.136881243,0.188211287,0.207955627,0.166814195,-0.016919339,-1.852112387,1.285490661
1Q Mar 2019,0.256907416,0.178926963,0.188563693,0.168479275,0.492747993,0.068541711,0.784475099
2Q Mar 2019,0.117971281,0.142006649,0.09831231,0.189387485,0.044234803,0.395951162,-0.195922716
1Q Abr 2019,-0.034770179,0.396329721,0.278628053,0.523845872,-1.321521079,-0.191335084,-2.097806547
2Q Abr 2019,0.058936629,-0.024190684,0.070367579,-0.126383733,0.310530716,1.042307065,-0.201888878
1Q May 2019,-0.301268805,0.091719899,0.12587436,0.054735035,-1.488080585,0.213630553,-2.694543933
2Q May 2019,-0.032929782,0.168589264,0.251110093,0.079166344,-0.654933999,-1.119383017,-0.315812016
1Q Jun 2019,0.008719578,0.164875464,0.102413366,0.23267822,-0.47497645,-0.437789342,-0.5019101
2Q Jun 2019,0.14337612,0.108378549,0.006145955,0.219208048,0.253731705,1.654087941,-0.761163274
1Q Jul 2019,0.271831136,0.167668906,0.073704237,0.269318653,0.596664688,1.152967411,0.183677153
2Q Jul 2019,0.063673375,0.075369433,0.147050154,-0.002022553,0.027431681,0.032648214,0.023521568
1Q Ago 2019,-0.075202468,0.113621785,0.150547546,0.073694477,-0.663139585,-1.436696465,-0.083258028
2Q Ago 2019,0.053067289,0.103708197,0.158986743,0.043890378,-0.103529004,-0.153323223,-0.066707378
1Q Sep 2019,0.173582649,0.186926999,0.21484164,0.156685357,0.12996976,0.017881765,0.212784292
2Q Sep 2019,0.125148012,0.117999497,0.179947302,0.050848674,0.150086101,0.068588122,0.210182551
1Q Oct 2019,0.397088657,0.128484025,0.123158038,0.134264792,1.236939755,-0.069444405,2.198903704
2Q Oct 2019,0.159931048,0.116921395,0.086245738,0.150212724,0.293573562,0.287875647,0.297676132
1Q Nov 2019,0.680772945,0.157852801,0.10998839,0.209765368,2.30088998,1.478477193,2.892979495
2Q Nov 2019,0.089269604,0.010240797,-0.067202984,0.094150793,0.329704068,0.433161604,0.256244588
1Q Dic 2019,0.351066959,0.364455752,0.252048486,0.486052198,0.307827291,0.300363045,0.313136592
2Q Dic 2019,0.323364504,0.081352173,0.089438127,0.072625571,1.054935772,2.506571121,0.02252234
1Q Ene 2020,0.266716931,0.203350695,0.517371889,-0.135607301,0.457629649,0.65343924,0.314909932
2Q Ene 2020,0.110914765,0.16387434,0.196670102,0.128242759,-0.046888934,-0.136200272,0.01842709
1Q Feb 2020,0.122058851,0.216161916,0.241780604,0.18830898,-0.159406544,0.137967974,-0.37654911
2Q Feb 2020,0.473573652,0.131249353,0.108909393,0.155550579,1.502206674,3.345449155,0.149321688
1Q Mar 2020,0.105468495,0.155704339,0.192868931,0.115295825,-0.044287171,-0.084534469,-0.013804118
2Q Mar 2020,-0.775728644,0.143954828,0.211481516,0.070477164,-3.505015931,-0.511717295,-5.770518033
1Q Abr 2020,-0.720715642,0.200589226,0.400024481,-0.016727589,-3.560515505,-0.78205078,-5.780778599
2Q Abr 2020,0.188348871,0.172128528,0.254673654,0.08180741,0.240871606,0.494921418,0.027090575
1Q May 2020,0.29569029,0.242492263,0.355735494,0.118367162,0.463147043,2.430749127,-1.200319383
2Q May 2020,-0.00847721,-0.059995384,-0.03758841,-0.084613737,0.157818671,-2.611013273,2.584697936
1Q Jun 2020,0.317451346,0.294934445,0.428384991,0.148244444,0.387011511,-0.921621994,1.475933764
2Q Jun 2020,0.465749566,0.205492739,0.386927475,0.00550023,1.293697867,0.300644437,2.100500459
1Q Jul 2020,0.355170061,0.247254102,0.364800039,0.117190975,0.694907716,-0.263971123,1.460212197
2Q Jul 2020,0.135977126,0.091208899,0.155382233,0.020026286,0.279045997,0.16278355,0.370261003
1Q Ago 2020,0.241822223,0.180370318,0.261782829,0.089943381,0.434198398,0.749275981,0.187511737
2Q Ago 2020,0.166083673,0.181118838,0.251221734,0.103120094,0.119886885,0.09904887,0.136293268
1Q Sep 2020,0.163029382,0.165097768,0.161059302,0.169597743,0.154126996,0.167475813,0.143620988
2Q Sep 2020,-0.032367847,0.11945341,0.264108846,-0.041719275,-0.505886299,-0.356715122,-0.623317446
1Q Oct 2020,0.544880987,0.144653494,0.124412822,0.167274313,1.804129827,0.897456498,2.519799746
2Q Oct 2020,0.16193438,0.069864384,0.072561319,0.0668516,0.447035905,1.458082572,-0.338390675
1Q Nov 2020,0.044092521,-0.106764519,-0.295169891,0.103717785,0.5062592,-0.938915666,1.649173184
2Q Nov 2020,-0.100082637,-0.02476993,-0.094660437,0.052999066,-0.328721619,-0.350779497,-0.311721337
1Q Dic 2020,0.337313076,0.521518328,0.774320001,0.240634439,-0.230636493,-1.081073666,0.42454922
2Q Dic 2020,0.188699985,0.076596102,0.086357373,0.065692767,0.537355491,-0.092557001,1.015370912

